{
	 "rootnode": {
		 "name": "RootNode"
		,"transformation": [
			 1
			,0
			,0
			,0
			,0
			,1
			,0
			,0
			,0
			,0
			,1
			,0
			,0
			,0
			,0
			,1
		]
		,"children": [
			{
				 "name": "SmoothBlockModel12"
				,"transformation": [
					 1.94707e-005
					,-7.54979e-006
					,100
					,0
					,0
					,100
					,7.54979e-006
					,0
					,-100
					,-1.47e-012
					,1.94707e-005
					,0
					,0
					,0
					,0
					,1
				]
				,"meshes": [
					 0
				]
			}
		]
	}
	,"flags": 8
	,"meshes": [
		{
			 "name": "SmoothBlockModel12.002"
			,"materialindex": 0
			,"primitivetypes": 4
			,"vertices": [
				 -0.160508
				,5.6313
				,4.31089
				,-0.160508
				,7.1059
				,4.31089
				,-0.109762
				,7.1059
				,-4.31251
				,-0.109762
				,5.6313
				,-4.31251
				,0.109787
				,5.6313
				,4.31248
				,0.160533
				,5.6313
				,-4.31092
				,0.160533
				,7.1059
				,-4.31092
				,0.109787
				,7.1059
				,4.31248
				,-0.160508
				,5.6313
				,4.31089
				,-0.109762
				,5.6313
				,-4.31251
				,0.160533
				,5.6313
				,-4.31092
				,0.109787
				,5.6313
				,4.31248
				,-0.109762
				,5.6313
				,-4.31251
				,-0.109762
				,7.1059
				,-4.31251
				,0.160533
				,7.1059
				,-4.31092
				,0.160533
				,5.6313
				,-4.31092
				,-0.109762
				,7.1059
				,-4.31251
				,-0.160508
				,7.1059
				,4.31089
				,0.109787
				,7.1059
				,4.31248
				,0.160533
				,7.1059
				,-4.31092
				,-0.160508
				,7.1059
				,4.31089
				,-0.160508
				,5.6313
				,4.31089
				,0.109787
				,5.6313
				,4.31248
				,0.109787
				,7.1059
				,4.31248
				,-0.078125
				,5.12856
				,0.154015
				,-0.078125
				,7.3057
				,0.154015
				,-0.076307
				,7.3057
				,-0.154899
				,-0.076307
				,5.12856
				,-0.154899
				,0.076332
				,5.12856
				,0.154924
				,0.07815
				,5.12856
				,-0.15399
				,0.07815
				,7.3057
				,-0.15399
				,0.076332
				,7.3057
				,0.154924
				,-0.078125
				,5.12856
				,0.154015
				,-0.076307
				,5.12856
				,-0.154899
				,0.07815
				,5.12856
				,-0.15399
				,0.076332
				,5.12856
				,0.154924
				,-0.076307
				,5.12856
				,-0.154899
				,-0.076307
				,7.3057
				,-0.154899
				,0.07815
				,7.3057
				,-0.15399
				,0.07815
				,5.12856
				,-0.15399
				,-0.076307
				,7.3057
				,-0.154899
				,-0.078125
				,7.3057
				,0.154015
				,0.076332
				,7.3057
				,0.154924
				,0.07815
				,7.3057
				,-0.15399
				,-0.078125
				,7.3057
				,0.154015
				,-0.078125
				,5.12856
				,0.154015
				,0.076332
				,5.12856
				,0.154924
				,0.076332
				,7.3057
				,0.154924
			]
			,"normals": [
				 -0.999983
				,0
				,-0.00588458
				,-0.999983
				,0
				,-0.00588458
				,-0.999983
				,0
				,-0.00588458
				,-0.999983
				,0
				,-0.00588458
				,0.999983
				,5.7451e-010
				,0.00588458
				,0.999983
				,5.32967e-009
				,0.00588458
				,0.999983
				,4.75517e-009
				,0.00588458
				,0.999983
				,0
				,0.00588458
				,-6.5083e-010
				,-1
				,2.00489e-007
				,-6.51021e-010
				,-1
				,0
				,-6.51017e-010
				,-1
				,4.07945e-009
				,-6.50826e-010
				,-1
				,2.04568e-007
				,0.00588749
				,-5.72095e-007
				,-0.999983
				,0.00588114
				,0
				,-0.999983
				,0.00588197
				,-7.46249e-008
				,-0.999983
				,0.00588831
				,-6.4672e-007
				,-0.999983
				,0
				,1
				,-4.07945e-009
				,0
				,1
				,-2.04568e-007
				,0
				,1
				,-2.00489e-007
				,0
				,1
				,0
				,-0.00588381
				,0
				,0.999983
				,-0.00588593
				,0
				,0.999983
				,-0.00588565
				,0
				,0.999983
				,-0.00588353
				,0
				,0.999983
				,-0.999983
				,0
				,-0.00588503
				,-0.999983
				,0
				,-0.00588504
				,-0.999983
				,0
				,-0.00588504
				,-0.999983
				,0
				,-0.00588503
				,0.999983
				,0
				,0.00588501
				,0.999983
				,0
				,0.00588501
				,0.999983
				,0
				,0.00588501
				,0.999983
				,0
				,0.00588501
				,0
				,-1
				,0
				,0
				,-1
				,0
				,0
				,-1
				,0
				,0
				,-1
				,0
				,0.00588513
				,0
				,-0.999983
				,0.00588496
				,0
				,-0.999983
				,0.00588496
				,0
				,-0.999983
				,0.00588513
				,0
				,-0.999983
				,0
				,1
				,3.52181e-006
				,0
				,1
				,0
				,0
				,1
				,1.47485e-006
				,0
				,1
				,4.99666e-006
				,-0.00588513
				,0
				,0.999983
				,-0.00588496
				,0
				,0.999983
				,-0.00588496
				,0
				,0.999983
				,-0.00588513
				,0
				,0.999983
			]
			,"tangents": [
				 -0.00588458
				,3.57348e-008
				,0.999983
				,-0.00588458
				,0
				,0.999983
				,-0.00588458
				,3.57348e-008
				,0.999983
				,-0.00588458
				,1.07204e-007
				,0.999983
				,0.00588452
				,0.00448972
				,-0.999973
				,0.00588452
				,0.00448968
				,-0.999973
				,0.00588452
				,0.00448972
				,-0.999973
				,0.00588452
				,0.00448981
				,-0.999973
				,-0.00588458
				,2.00489e-007
				,0.999983
				,-0.00588459
				,3.82701e-012
				,0.999983
				,-0.00588458
				,4.0832e-009
				,0.999983
				,-0.00588458
				,2.04569e-007
				,0.999983
				,-2.09901e-009
				,-1
				,5.72092e-007
				,0
				,-1
				,0
				,8.29057e-010
				,-1
				,7.46311e-008
				,1.21146e-014
				,-1
				,6.46731e-007
				,0.00588458
				,-4.07938e-009
				,-0.999983
				,0.00588459
				,-2.04565e-007
				,-0.999983
				,0.00588458
				,-2.00485e-007
				,-0.999983
				,0.00588458
				,0
				,-0.999983
				,0
				,1
				,0
				,0
				,1
				,0
				,0
				,1
				,0
				,0
				,1
				,0
				,0
				,-1
				,0
				,0
				,-1
				,0
				,0
				,-1
				,0
				,0
				,-1
				,0
				,0
				,1
				,0
				,0
				,1
				,0
				,0
				,1
				,0
				,0
				,1
				,0
				,-0.00588503
				,0
				,0.999983
				,-0.00588504
				,0
				,0.999983
				,-0.00588503
				,0
				,0.999983
				,-0.00588501
				,0
				,0.999983
				,0
				,-1
				,0
				,0
				,-1
				,0
				,0
				,-1
				,0
				,0
				,-1
				,0
				,0.00588503
				,3.52175e-006
				,-0.999983
				,0.00588504
				,0
				,-0.999983
				,0.00588503
				,1.47482e-006
				,-0.999983
				,0.00588501
				,4.99657e-006
				,-0.999983
				,0
				,1
				,0
				,0
				,1
				,0
				,0
				,1
				,0
				,0
				,1
				,0
			]
			,